id,word,pronounciation,english_meaning,vietnamese_meaning,synonyms
1,repudiate,/rɪˈpjuːdieɪt/,to refuse to accept; to reject formally,"bác bỏ, từ chối","reject, deny, disown"
2,corroborate,/kəˈrɑːbəreɪt/,to confirm or give support to a statement,"xác nhận, củng cố","confirm, verify, substantiate"
3,equivocal,/ɪˈkwɪvəkəl/,open to more than one interpretation; ambiguous,"nhập nhằng, mơ hồ","ambiguous, unclear, uncertain"
4,meticulous,/məˈtɪkjələs/,showing great attention to detail,"tỉ mỉ, cẩn thận","careful, thorough, precise"
5,subvert,/səbˈvɜːrt/,to undermine the power or authority of,"lật đổ, làm suy yếu","undermine, sabotage, destabilize"
6,substantiate,/səbˈstænʃieɪ t/,to provide evidence to support or prove,"chứng minh, xác minh","verify, confirm, validate"
7,mitigate,/ˈmɪtɪɡeɪt/,to make less severe or painful,giảm nhẹ,"alleviate, ease, lessen"
8,idiosyncratic,/ˌɪdiəsɪŋˈkræt ɪk/,peculiar to an individual,"đặc trưng riêng, khác lạ","distinctive, peculiar, unique"
9,preclude,/prɪˈkluːd/,to prevent something from happening,"ngăn cản, loại trừ","prevent, hinder, exclude"
10,supplant,/səˈplænt/,"to replace, especially by underhand means","thay thế, hất cẳng ","replace, displace, supersede"
11,discern,/dɪˈsɜːrn/,to recognize or perceive clearly,"phân biệt, nhận thấy","perceive, distinguish, detect"
12,evince,/ɪˈvɪns/,to show or reveal a quality clearly,"biểu lộ, cho thấy","show, display, manifest"
13,contentious,/kənˈtenʃəs/,causing or likely to cause an argument,gây tranh cãi,"controversial, disputed, debatable"
14,preempt,/priˈempt/,to take action to prevent something,"phòng ngừa, ngăn trước","forestall, prevent, anticipate"
15,ameliorate,/əˈmiːliəreɪt/,to make something bad better,"cải thiện, làm tốt hơn","improve, enhance, alleviate"
16,scrutinize,/ˈskruːtənaɪz/,to examine or inspect closely,xem xét kỹ lưỡng,"examine, inspect, study "
17,presuppose,/ˌpriːsəˈpoʊz/,to require as a precondition; to assume beforehand,giả định trước,"assume, presume, take for granted"
18,incongruous,/ɪnˈkɑːŋɡruəs/,not in harmony or keeping with the surroundings,"không phù hợp, lạc lõng","inappropriate, mismatched, jarring"
19,subordinate,/səˈbɔːrdənət/,lower in rank or position; secondary,"phụ thuộc, thứ yếu","secondary, inferior, lesser"
20,abate,/əˈbeɪt/,to become less intense or widespread,"giảm bớt, dịu đi","diminish, lessen, decrease"
21,simplify,/ˈsɪmplɪfaɪ/,to make less complicated,đơn giản hóa,"streamline, clarify, reduce"
22,replicate,/ˈreplɪkeɪt/,to make an exact copy of; reproduce,"lặp lại, sao chép","duplicate, copy, reproduce"
23,eschew,/esˈtʃuː/,to deliberately avoid using,tránh né,"avoid, shun, abstain from"
24,anticipate,/ænˈtɪsɪpeɪt/,to expect or predict,"dự đoán, lường trước","expect, predict, foresee"
25,engender,/ɪnˈdʒendər/,to cause or give rise to a feeling or situation,"gây ra, sinh ra","produce, generate, create"
26,vindicate,/ˈvɪndɪkeɪt/,to clear of blame; to justify,"minh oan, biện hộ","justify, defend, exonerate"
27,induce,/ɪnˈduːs/,to succeed in persuading or leading someone,"dẫn đến, gây ra","cause, prompt, persuade"
28,untenable,/ʌnˈtenəbəl/,not able to be maintained or defended,không thể bảo vệ được,"indefensible, unsustainable, weak"
29,rectify,/ˈrektɪfaɪ/,to put right; to correct,"sửa chữa, chỉnh lại ","correct, fix, amend"
30,harbinger,/ˈhɑːrbɪndʒər/,a person or thing that announces something coming,"điềm báo, kẻ báo hiệu","herald, omen, precursor"
31,perfunctory,/pərˈfʌŋktəri/,carried out without thought or care,"qua loa, chiếu lệ","cursory, superficial, mechanical"
32,overlook,/ˌoʊvərˈlʊk/,to fail to notice; to ignore,"bỏ qua, không để ý","ignore, miss, neglect"
33,anomalous,/əˈnɑːmələs/,deviating from what is standard,"bất thường, dị thường","abnormal, atypical, irregular"
34,augment,/ɔːɡˈment/,to make greater by adding to it,"tăng cường, bổ sung","increase, supplement, boost"
35,magnify,/ˈmæɡnɪfaɪ/,to make appear larger or greater ,"phóng đại, khuếch đại","enlarge, amplify, intensify"
36,amend,/əˈmend/,to make minor changes to improve,"sửa đổi, tu chỉnh","modify, revise, alter"
37,elusive,/ɪˈluːsɪv/,"difficult to find, catch, or achieve",khó nắm bắt,"evasive, slippery, intangible"
38,categorize,/ˈkætəɡəraɪz/,to place in a particular category,phân loại,"classify, sort, group"
39,attenuate,/əˈtenjueɪt/,to reduce the force or value,"làm giảm, làm yếu đi","weaken, lessen, diminish"
40,verisimilitud e,/ˌverɪsɪˈmɪlɪtu ːd/,the appearance of being true or real,vẻ giống thật,"realism, authenticity, plausibility"
41,mediate,/ˈmiːdieɪt/,to intervene to bring about agreement,làm trung gian,"intervene, intercede, arbitrate "
42,redress,/rɪˈdres/,to remedy or set right an undesirable situation,"khắc phục, sửa chữa","remedy, correct, rectify"
43,circumvent,/ˌsɜːrkəmˈven t/,to find a way around an obstacle,"lách luật, đi đường vòng","bypass, evade, sidestep"
44,exhaustive,/ɪɡˈzɔːstɪv/,examining all possible aspects,"đầy đủ, toàn diện","thorough, comprehensive, complete"
45,interchangea ble,/ˌɪntərˈtʃeɪnd ʒəbəl/,able to be exchanged with each other,có thể hoán đổi,"exchangeable, equivalent, transposable"
46,novelty,/ˈnɑːvəlti/,the quality of being new or original,sự mới lạ,"originality, freshness, newness"
47,disparity,/dɪˈspærəti/,a great difference ,"sự chênh lệch, khác biệt lớn","inequality, gap, discrepancy"
48,renounce,/rɪˈnaʊns/,to formally declare abandonment,từ bỏ,"abandon, give up, forsake"
49,impartiality,/ɪmˌpɑːrʃiˈælə ti/,the quality of being unbiased,"sự công bằng, vô tư","fairness, neutrality, objectivity"
50,ambivalent,/æmˈbɪvələnt/,having mixed feelings about something,"lưỡng lự, nước đôi","uncertain, conflicted, undecided"
51,incongruity,/ˌɪnkɑːŋˈɡruːə ti/,the state of being out of place,sự không phù hợp,"inconsistency, mismatch, discrepancy"
52,spurious,/ˈspjʊriəs/,not what it appears to be; false,"giả mạo, không xác thực","false, fake, counterfeit"
53,dissociate,/dɪˈsoʊsieɪt/,to disconnect or separate from something,"tách rời, không liên quan","separate, disconnect, distance"
54,tantamount,/ˈtæntəmaʊn t/,equivalent in seriousness or effect ,tương đương với,"equivalent, equal, comparable"
55,extol,/ɪkˈstoʊl/,to praise enthusiastically,"ca tụng, tán dương","praise, laud, exalt"
56,palpable,/ˈpælpəbəl/,able to be touched or felt; obvious,có thể cảm nhận rõ,"tangible, perceptible, evident"
57,ambiguous,/æmˈbɪɡjuəs/,open to more than one interpretation,"mơ hồ, nhập nhằng","unclear, vague, equivocal"
58,ubiquitous,/juˈbɪkwɪtəs/,"present, appearing, or found everywhere",có mặt ở khắp nơi,"pervasive, omnipresent, universal"
59,preliminary,/prɪˈlɪmɪneri/,denoting an action preceding more important,"sơ bộ, mở đầu","introductory, initial, preparatory"
60,portend,/pɔːrˈtend/,to be a sign or warning of something to come,"báo hiệu, là điềm ","foreshadow, presage, augur"
61,compensate,/ˈkɑːmpənseɪ t/,to make up for or offset,bù đắp,"offset, counterbalance, recompense"
62,immutable,/ɪˈmjuːtəbəl/,unchanging over time; not subject to change,"không thay đổi, bất biến","unchangeable, fixed, permanent"
63,redundant,/rɪˈdʌndənt/,not or no longer needed; superfluous,"thừa, dư","superfluous, excess, unnecessary"
64,disregard,/ˌdɪsrɪˈɡɑːrd/,to pay no attention to; to ignore,"phớt lờ, không quan tâm","ignore, overlook, neglect"
65,idealize,/aɪˈdiːəlaɪz/,to regard as perfect or better than reality,lý tưởng hóa,"glorify, romanticize, exalt"
66,insuperable,/ɪnˈsuːpərəbə l/,impossible to overcome,không thể vượt qua,"insurmountable, unconquerable, impossible"
67,opaque,/oʊˈpeɪk/,not transparent; hard to understand,"mờ đục, khó hiểu","unclear, obscure, impenetrable"
68,inevitable,/ɪnˈevɪtəbəl/,certain to happen; unavoidable,không thể tránh khỏi,"unavoidable, inescapable, certain"
69,ambivalence,/æmˈbɪvələns/,the state of having mixed feelings,sự lưỡng lự,"uncertainty, indecision, conflict"
70,sporadic,/spəˈrædɪk/,occurring at irregular intervals,"lẻ tẻ, không đều","intermittent, occasional, irregular"
71,copious,/ˈkoʊpiəs/,abundant in supply or quantity,"dồi dào, phong phú","abundant, plentiful, ample"
72,transpose,/trænsˈpoʊz/,to cause to exchange places,"hoán vị, đổi chỗ","swap, interchange, switch"
73,polarize,/ˈpoʊləraɪz/,to divide into sharply contrasting groups,"phân cực, gây chia rẽ","divide, split, separate"
74,impervious,/ɪmˈpɜːrviəs/,not allowing entry; unable to be affected,"không thấm, không bị ảnh hưởng","impenetrable, resistant, immune"
75,conjecture,/kənˈdʒektʃər/,an opinion based on incomplete information,phỏng đoán,"speculation, guess, supposition"
76,pretentious,/prɪˈtenʃəs/,attempting to impress by affecting importance,"khoa trương, kiểu cách","pompous, affected, ostentatious"
77,conflate,/kənˈfleɪt/,to combine two or more things into one,"gộp lại, hợp nhất sai","merge, combine, fuse"
78,overshadow,/ˌoʊvərˈʃædo ʊ/,to appear much more prominent than,"che mờ, làm lu mờ","eclipse, outshine, dominate"
79,ineluctable,/ˌɪnɪˈlʌktəbəl/,unable to be resisted or avoided ,không thể tránh khỏi,"inevitable, unavoidable, inescapable"
80,onerous,/ˈɑːnərəs/,"involving a great deal of effort, trouble","nặng nề, phiền toái","burdensome, demanding, taxing"
81,sanction,/ˈsæŋkʃən/,official permission or approval,chế tài hoặc cho phép,"permit, authorize, penalize"
82,undermine,/ˌʌndərˈmaɪn/,to weaken the basis of gradually,làm suy yếu,"weaken, sabotage, erode"
83,constrain,/kənˈstreɪn/,to compel or force; to restrict,"ép buộc, hạn chế","compel, restrict, restrain"
84,nominal,/ˈnɑːmɪnəl/,existing in name only; very small,trên danh nghĩa; rất nhỏ,"in name only, token, minimal"
85,misconstrue,/ˌmɪskənˈstru ː/,to interpret wrongly,hiểu sai,"misinterpret, misunderstand, misread "
86,esoteric,/ˌesəˈterɪk/,intended for or understood by only a small group,"huyền bí, kén người hiểu","arcane, abstruse, obscure"
87,authoritative,/əˈθɔːrəteɪtɪv/,able to be trusted as accurate,"có thẩm quyền, đáng tin cậy","definitive, reliable, expert"
88,unequivocal,/ˌʌnɪˈkwɪvəkə l/,leaving no doubt; unambiguous,"rõ ràng, dứt khoát","unambiguous, clear, definitive"
89,thwart,/θwɔːrt/,to prevent from accomplishing,"ngăn cản, làm thất bại","prevent, frustrate, obstruct"
90,malign,/məˈlaɪn/,to speak about in an evil manner; harmful,phỉ báng; có hại,"defame, slander; harmful"
91,pragmatic,/præɡˈmætɪk/,dealing with things sensibly and realistically,"thực tế, thực dụng","practical, realistic, sensible "
92,constrict,/kənˈstrɪkt/,to make narrower; to limit,"thắt chặt, hạn chế","restrict, narrow, tighten"
93,ephemeral,/ɪˈfemərəl/,lasting for a very short time,"phù du, ngắn ngủi","transient, fleeting, momentary"
94,predilection,/ˌpredəˈlekʃən/,a preference or special liking,"thiên hướng, sở thích","preference, liking, fondness"
95,deceive,/dɪˈsiːv/,to deliberately cause someone to believe false,lừa dối,"mislead, dupe, trick"
96,sustainable,/səˈsteɪnəbəl/,able to be maintained over time,bền vững,"viable, maintainable, durable"
97,promulgate,/ˈprɑːməlɡeɪt/,to make widely known; to promote,"công bố, ban hành","proclaim, announce, disseminate"
98,conspicuous,/kənˈspɪkjuəs/,clearly visible; attracting notice,"dễ thấy, nổi bật","noticeable, prominent, obvious"
99,deference,/ˈdefərəns/,humble submission and respect,"sự kính trọng, nhường nhịn","respect, regard, courtesy"
100,indecision,/ˌɪndɪˈsɪʒən/,inability to decide quickly,sự do dự,"hesitation, vacillation, irresolution"
101,supplement,/ˈsʌplɪmənt/,to add to in order to improve,"bổ sung, thêm vào","augment, add to, complement"
102,impugn,/ɪmˈpjuːn/,to dispute the truth or validity of,"chất vấn, công kích","challenge, question, attack"
103,palliate,/ˈpælieɪt/,to make less severe without removing the cause,giảm nhẹ,"alleviate, mitigate, ease"
104,designate,/ˈdezɪɡneɪt/,to officially appoint; to specify,"chỉ định, biểu thị ","appoint, name, specify"
105,paucity,/ˈpɔːsəti/,the presence of something in small quantities,"sự ít ỏi, khan hiếm","scarcity, dearth, shortage"
106,proxy,/ˈprɑːksi/,a person authorized to act for another,đại diện; phương tiện thay thế,"substitute, representative, surrogate"
107,predictive,/prɪˈdɪktɪv/,showing what might happen in the future,có tính dự báo,"prophetic, forecasting, anticipatory"
108,irrespective,/ˌɪrɪˈspektɪv/,not taking something into account,"bất kể, không xét đến","regardless, notwithstanding, apart from"
109,beneficial,/ˌbenɪˈfɪʃəl/,favorable or advantageous,có lợi,"advantageous, helpful, favorable"
110,abridge,/əˈbrɪdʒ/,to shorten without losing the sense,rút ngắn,"shorten, condense, abbreviate"
111,enumerate,/ɪˈnuːməreɪt/,to mention separately as if in counting,liệt kê,"list, itemize, specify"
112,profound,/prəˈfaʊnd/,very great or intense; deep,sâu sắc,"deep, intense, thoughtful"
113,precarious,/prɪˈkeriəs/,not securely held; uncertain,"bấp bênh, nguy hiểm","unstable, insecure, risky"
114,affinity,/əˈfɪnəti/,a spontaneous feeling of attraction; close similarity,sự đồng cảm; mối liên hệ,"attraction, kinship, similarity"
115,supersede,/ˌsuːpərˈsiːd/,to take the place of,thay thế,"replace, succeed, supplant"
116,incipient,/ɪnˈsɪpiənt/,in an initial stage; beginning,"mới chớm, sơ khai","emerging, nascent, developing"
117,evasion,/ɪˈveɪʒən/,the action of avoiding something,sự né tránh,"avoidance, escape, dodging"
118,provocative,/prəˈvɑːkətɪv/,causing annoyance or anger; stimulating,khiêu khích; gợi suy nghĩ,"stimulating, inflammatory, controversial"
119,obviate,/ˈɑːbvieɪt/,to remove the need for; to avert,"loại bỏ, ngăn ngừa","preclude, prevent, eliminate"
120,protract,/proʊˈtrækt/,to prolong or extend,kéo dài,"prolong, extend, lengthen"
121,salubrious,/səˈluːbriəs/,health-giving; wholesome,có lợi cho sức khỏe,"healthy, wholesome, beneficial"
122,derivative,/dɪˈrɪvətɪv/,imitative of work of another; not original ,"phái sinh, không nguyên bản","imitative, unoriginal, secondary"
123,accentuate,/ækˈsentʃueɪt/,to make more noticeable or prominent,"nhấn mạnh, làm nổi bật","emphasize, highlight, underscore"
124,irrefutable,/ɪˈrefjətəbəl/,impossible to deny or disprove,không thể bác bỏ,"undeniable, indisputable, conclusive"
125,ambiguity,/ˌæmbɪˈɡjuːət i/,the quality of being open to interpretation,sự mơ hồ,"vagueness, equivocation, doubt"
126,postulate,/ˈpɑːstʃəleɪt/,to suggest or assume as true,đặt giả thiết,"assume, propose, hypothesize"
127,customary,/ˈkʌstəmeri/,according to the customs of a society,"theo lệ thường, thông lệ","traditional, conventional, usual"
128,validate,/ˈvælɪdeɪt/,to confirm or check the validity of,xác nhận,"confirm, verify, corroborate"
129,concur,/kənˈkɜːr/,to be of the same opinion; to agree,"đồng ý, nhất trí","agree, consent, assent"
130,refute,/rɪˈfjuːt/,to prove something to be wrong,bác bỏ,"disprove, rebut, contradict"
131,foreground,/ˈfɔːrɡraʊnd/,to make a feature of; to emphasize,đưa lên hàng đầu,"emphasize, highlight, feature"
132,solitary,/ˈsɑːləteri/,done or existing alone,đơn độc,"alone, isolated, lone"
133,clandestine,/klænˈdestɪn/,kept secret or done secretively,"bí mật, lén lút","secret, covert, surreptitious"
134,inexplicable,/ˌɪnɪkˈsplɪkəb əl/,unable to be explained,không thể giải thích,"mysterious, unaccountable, baffling"
135,dispassionat ely,/dɪsˈpæʃənətl i/,without emotion or bias,"khách quan, không thiên vị","objectively, impartially, neutrally"
136,subsume,/səbˈsuːm/,to include or absorb in something larger,"bao gồm, gộp vào","incorporate, include, absorb"
137,counterbalance,/ˌkaʊntərˈbæləns/,to have an equal but opposite effect,"đối trọng, cân bằng","offset, balance, neutralize"
138,prescient,/ˈpreʃənt/,having knowledge of events before they happen,tiên tri,"prophetic, foresighted, prophetic"
139,epitomize,/ɪˈpɪtəmaɪz/,to be a perfect example of,"tiêu biểu cho, là hiện thân của","embody, exemplify, represent"
14,pervasiveness,/pərˈveɪsɪvnəs/,the quality of spreading widely,"tính lan tỏa, phổ biến","prevalence, omnipresence, ubiquity"
141,ingenious,/ɪnˈdʒiːniəs/,"clever, original, and inventive","khôn khéo, sáng tạo ","clever, inventive, creative"
142,contemplate,/ˈkɑːntəmpleɪ t/,to think about deeply,suy ngẫm,"ponder, consider, meditate"
143,expound,/ɪkˈspaʊnd/,to present and explain in detail,trình bày chi tiết,"explain, elucidate, expand"
144,denote,/dɪˈnoʊt/,to be a sign of; to indicate,"biểu thị, chỉ ra","indicate, signify, represent"
145,culpability,/ˌkʌlpəˈbɪləti/,responsibility for a fault or wrong,"tính có lỗi, trách nhiệm","guilt, blame, responsibility"
146,underscore,/ˌʌndərˈskɔːr/,to emphasize the importance of,nhấn mạnh,"emphasize, highlight, stress"
147,hamper,/ˈhæmpər/,to hinder or impede,cản trở,"hinder, obstruct, impede"
148,inextricable,/ˌɪnɪkˈstrɪkəb əl/,impossible to disentangle or separate,không thể tách rời,"intertwined, inseparable, entangled"
149,inducement,/ɪnˈduːsmənt/,a thing that persuades to do something,"sự khuyến khích, dụ dỗ","incentive, motivation, encouragement"
150,feasible,/ˈfiːzəbəl/,possible to do easily or conveniently,khả thi,"possible, viable, practicable"
151,delineate,/dɪˈlɪnieɪt/,to describe or portray precisely,"miêu tả chi tiết, vạch ra","describe, depict, outline"
152,revert,/rɪˈvɜːrt/,to return to a previous state,trở lại trạng thái cũ,"return, regress, reverse"
153,distort,/dɪˈstɔːrt/,to twist out of shape; to misrepresent,bóp méo,"twist, warp, misrepresent"
154,inimical,/ɪˈnɪmɪkəl/,tending to obstruct or harm; hostile,"thù địch, gây hại","harmful, hostile, adverse "
155,commensura te,/kəˈmensərət/,corresponding in size or degree,"tương xứng, phù hợp","proportionate, equivalent, matching"
156,interplay,/ˈɪntərpleɪ/,the way in which things have an effect on each other,sự tương tác,"interaction, interrelation, exchange"
157,continuum,/kənˈtɪnjuəm/,a continuous sequence in which adjacent elements differ slightly,sự liên tục,"sequence, progression, range"
158,tangential,/tænˈdʒenʃəl/,barely connected to a subject,"tiếp tuyến, không liên quan trực tiếp","peripheral, marginal, indirect"
159,approbation,/ˌæprəˈbeɪʃən/,approval or praise,"sự tán thành, khen ngợi","approval, endorsement, praise"
160,persistent,/pərˈsɪstənt/,continuing firmly despite difficulty,"kiên trì, dai dẳng ","tenacious, persevering, enduring"
161,diminish,/dɪˈmɪnɪʃ/,to make or become less,giảm bớt,"reduce, lessen, decrease"
162,imitate,/ˈɪmɪteɪt/,to copy the behavior of,bắt chước,"mimic, copy, emulate"
163,typify,/ˈtɪpɪfaɪ/,to be a typical example of,tiêu biểu cho,"exemplify, characterize, epitomize"
164,equivocation,/ɪˌkwɪvəˈkeɪʃə n/,the use of ambiguous language to conceal,lối nói nước đôi,"ambiguity, evasion, prevarication"
165,homogeneity,/ˌhoʊmədʒəˈn iːəti/,the quality of being all the same,tính đồng nhất,"uniformity, sameness, similarity"
166,attrition,/əˈtrɪʃən/,gradual reduction in workforce/strength,"sự hao mòn, suy giảm dần","erosion, wearing down, depletion "
167,replicability,/ˌreplɪkəˈbɪlət i/,the ability to be repeated,khả năng lặp lại,"reproducibility, repeatability, consistency"
168,circumspecti on,/ˌsɜːrkəmˈspe kʃən/,caution; wariness,sự thận trọng,"caution, prudence, wariness"
169,diffusion,/dɪˈfjuːʒən/,the spreading of something widely,sự lan tỏa,"spread, dispersion, dissemination"
170,capacious,/kəˈpeɪʃəs/,having a lot of space inside; roomy,rộng rãi,"roomy, spacious, ample"
171,cursory,/ˈkɜːrsəri/,hasty and therefore not thorough,"qua loa, sơ sài","hasty, perfunctory, superficial"
172,opportune,/ˌɑːpərˈtuːn/,well-chosen or particularly favorable ,"đúng lúc, thuận tiện","timely, suitable, propitious"
173,inertia,/ɪˈnɜːrʃə/,a tendency to do nothing or remain unchanged,"sự trì trệ, ì","lethargy, inactivity, stagnation"
174,consternatio n,/ˌkɑːnstərˈneɪ ʃən/,a feeling of anxiety or dismay,"sự bàng hoàng, sửng sốt","dismay, alarm, distress"
175,proponent,/prəˈpoʊnənt/,a person who advocates a theory,"người ủng hộ, đề xuất","advocate, supporter, champion"
176,premeditate,/priˈmedɪteɪt/,to think out or plan beforehand,tính toán trước,"plan, contrive, calculate"
177,allocate,/ˈæləkeɪt/,to distribute resources for a purpose,phân bổ,"distribute, assign, apportion"
178,conceal,/kənˈsiːl/,to keep from being seen; to hide,che giấu,"hide, mask, cover"
179,trivial,/ˈtrɪviəl/,of little value or importance,"tầm thường, không quan trọng ","insignificant, minor, petty"
180,debunk,/diˈbʌŋk/,to expose the falseness of an idea,"vạch trần, bóc trần","disprove, refute, expose"
181,peculiar,/pɪˈkjuːliər/,strange or odd; distinctive,kỳ lạ; đặc trưng,"strange, odd, distinctive"
182,pristine,/ˈprɪstiːn/,in its original condition; untouched,"nguyên sơ, tinh khôi","pure, untouched, immaculate"
183,intercede,/ˌɪntərˈsiːd/,to intervene on behalf of another,"can thiệp, làm trung gian","mediate, intervene, plead"
184,amass,/əˈmæs/,to gather together or accumulate,"tích lũy, gom góp","accumulate, gather, collect"
185,incremental,/ˌɪnkrəˈmentə l/,increasing in regular amounts,tăng dần,"gradual, progressive, step-by-step"
186,volatile,/ˈvɑːlətəl/,liable to change rapidly; unstable,dễ thay đổi,"unpredictable, unstable, mercurial"
187,denounce,/dɪˈnaʊns/,to publicly declare to be wrong,"tố cáo, lên án","condemn, censure, criticize"
188,expedite,/ˈekspədaɪt/,to make happen sooner; to speed up,"đẩy nhanh, xúc tiến","accelerate, hasten, speed up"
189,neutral,/ˈnuːtrəl/,not supporting either side; impartial,trung lập,"impartial, unbiased, objective"
190,orthodox,/ˈɔːrθədɑːks/,following accepted ideas or beliefs,"chính thống, truyền thống","conventional, traditional, mainstream"
191,imperative,/ɪmˈperətɪv/,of vital importance; crucial,"cấp thiết, bắt buộc","essential, crucial, vital"
192,indeterminat e,/ˌɪndɪˈtɜːrmɪn ət/,not exactly known or established,không xác định,"uncertain, undetermined, vague"
193,dispute,/dɪˈspjuːt/,to question the truth of something,"tranh chấp, phủ nhận","question, challenge, contest"
194,chasten,/ˈtʃeɪsən/,to make someone aware of their faults,"khiển trách, làm tỉnh ngộ","discipline, humble, subdue"
195,genuine,/ˈdʒenjuɪn/,truly what something is said to be,chân thực,"authentic, real, true"
196,venerate,/ˈvenəreɪt/,to regard with great respect,tôn kính,"revere, honor, worship"
197,subtlety,/ˈsʌtəlti/,the quality of being subtle,sự tinh tế,"nuance, refinement, delicacy"
198,intricate,/ˈɪntrɪkət/,very complicated or detailed,"phức tạp, tinh xảo","complex, complicated, elaborate"
199,complement,/ˈkɑːmplɪmən t/,to add to in a way that improves,"bổ sung, hoàn thiện","supplement, enhance, complete"
200,prolific,/prəˈlɪfɪk/,producing much; abundant,có sức sáng tác dồi dào,"productive, fruitful, abundant"
201,extraneous,/ɪkˈstreɪniəs/,irrelevant or unrelated,"không liên quan, lạc đề","irrelevant, unrelated, immaterial"
202,defunct,/dɪˈfʌŋkt/,no longer existing or functioning,"không còn tồn tại, đã chết","extinct, obsolete, nonexistent"
203,disparage,/dɪˈspærɪdʒ/,to regard as of little worth,"chê bai, hạ thấp","belittle, deprecate, denigrate"
204,compound,/ˈkɑːmpaʊnd/,to make worse by adding to,làm nặng thêm; hợp chất,"exacerbate, aggravate; mixture"
205,monetize,/ˈmɑːnətaɪz/,to convert into money,"kiếm tiền từ, biến thành tiền","commercialize, capitalize, profit from"
206,speculative,/ˈspekjələtɪv/,based on conjecture rather than knowledge,có tính suy đoán,"conjectural, hypothetical, theoretical"
207,exorbitant,/ɪɡˈzɔːrbɪtənt/,exceeding what is reasonable,"quá đáng, cắt cổ","excessive, extravagant, immoderate"
208,warrant,/ˈwɔːrənt/,to justify or necessitate; official authorization,biện minh; lệnh,"justify, necessitate; authorization"
209,surreptitious ly,/ˌsɜːrəpˈtɪʃəsli/,in a way that is kept secret,lén lút,"secretly, covertly, stealthily"
210,disingenuous ly,/ˌdɪsɪnˈdʒenju əsli/,in a way that is not candid or sincere,không thành thật,"deceitfully, dishonestly, insincerely"
211,succinctly,/səkˈsɪŋktli/,in a brief and clear manner,"ngắn gọn, súc tích","concisely, briefly, tersely"
212,rivalry,/ˈraɪvəlri/,competition for the same objective,sự cạnh tranh,"competition, contest, opposition"
213,pretentiousn ess,/prɪˈtenʃəsnə s/,the quality of trying to impress falsely,sự khoa trương,"pomposity, ostentation, affectation"
214,capitalize,/ˈkæpɪtəlaɪz/,to take advantage of; to use,"tận dụng, khai thác","exploit, profit from, leverage"
215,advocate,/ˈædvəkət/,to publicly recommend or support,"ủng hộ, biện hộ","support, champion, endorse"
216,outsize,/ˈaʊtsaɪz/,exceptionally large,"quá khổ, ngoại cỡ ","oversize, huge, enormous"
217,buttress,/ˈbʌtrəs/,to increase the strength of; to support,củng cố,"support, strengthen, reinforce"
218,register,/ˈredʒɪstər/,to express or convey an opinion,"biểu lộ, thể hiện","express, convey, indicate"
219,aesthetic,/esˈθetɪk/,concerned with beauty,thẩm mỹ,"artistic, tasteful, decorative"
220,austerity,/ɔːˈsterəti/,sternness or severity; harsh economy,"khắc khổ, đạm bạc","severity, strictness, frugality"
221,controversial,/ˌkɑːntrəˈvɜːrʃ əl/,giving rise to public disagreement,gây tranh cãi,"contentious, disputed, debatable"
222,dynamic,/daɪˈnæmɪk/,characterized by constant change,"năng động, biến động","active, changing, energetic "
223,amalgamate,/əˈmælɡəmeɪ t/,to combine or unite to form one,hợp nhất,"merge, combine, unify"
224,defy,/dɪˈfaɪ/,to openly resist or refuse to obey,"thách thức, chống lại","resist, challenge, flout"
225,predicate,/ˈpredɪkeɪt/,to base or found something on,"dựa trên, lập luận trên","base, ground, found"
226,concede,/kənˈsiːd/,to admit something is true,"thừa nhận, nhượng bộ","admit, acknowledge, yield"
227,counterfeit,/ˈkaʊntərfɪt/,made in imitation to deceive,giả mạo,"fake, fraudulent, forged"
228,implement,/ˈɪmplɪment/,to put a decision or plan into effect,"thực hiện, thi hành","carry out, execute, enact"
229,disseminate,/dɪˈsemɪneɪt/,to spread widely,phổ biến,"spread, distribute, circulate"
230,iconoclastic,/aɪˌkɑːnəˈklæ stɪk/,attacking established beliefs,phá bỏ truyền thống,"rebellious, heretical, dissenting"
231,trenchant,/ˈtrentʃənt/,vigorous or incisive in expression,"sắc bén, mạnh mẽ","incisive, cutting, biting"
232,pernicious,/pərˈnɪʃəs/,having a harmful effect,"có hại, tai hại","harmful, destructive, deleterious"
233,salient,/ˈseɪliənt/,most noticeable or important,"nổi bật, quan trọng","prominent, conspicuous, notable"
234,provoke,/prəˈvoʊk/,to stimulate a reaction; to incite,"khiêu khích, gợi lên","incite, stimulate, prompt"
235,galvanize,/ˈɡælvənaɪz/,to shock or excite into action,"kích thích, thúc đẩy","stimulate, energize, motivate "
236,scrupulous,/ˈskruːpjələs/,"diligent, thorough, extremely careful","kỹ lưỡng, tỉ mỉ","meticulous, careful, conscientious"
237,redundancy,/rɪˈdʌndənsi/,the state of being not needed,sự dư thừa,"superfluity, excess, surplus"
238,prosaic,/proʊˈzeɪɪk/,lacking poetic beauty; commonplace,"tầm thường, dung dị","mundane, ordinary, pedestrian"
239,germane,/dʒɜːrˈmeɪn/,relevant to a subject,"thích hợp, có liên quan","relevant, pertinent, applicable"
240,counteract,/ˌkaʊntərˈækt/,to act against something to reduce force,"đối kháng, chống lại","neutralize, oppose, counter"
241,sanitize,/ˈsænɪtaɪz/,to make clean; to remove offensive parts,"tẩy rửa, lọc sạch","clean, purify, censor"
242,populate,/ˈpɑːpjəleɪt/,to inhabit; to form the population of,"định cư, tạo nên dân số","inhabit, occupy, settle"
243,estimate,/ˈestɪmeɪt/,to roughly calculate the value,ước tính,"calculate, gauge, judge"
244,resemblance,/rɪˈzembləns/,the state of being alike,sự giống nhau,"similarity, likeness, correspondence"
245,multifariousn ess,/ˌmʌltɪˈferiəs nəs/,the state of being diverse and varied,sự đa dạng,"diversity, variety, heterogeneity"
246,obstinacy,/ˈɑːbstɪnəsi/,the quality of being stubborn,tính ngoan cố,"stubbornness, inflexibility, intransigence"
247,entanglemen t,/ɪnˈtæŋɡəlmə nt/,the state of being twisted together,sự vướng mắc,"involvement, complication, snarl"
248,hyperbolize,/haɪˈpɜːrbəlaɪ z/,to exaggerate,phóng đại,"exaggerate, overstate, magnify"
249,deride,/dɪˈraɪd/,to express contempt; to ridicule,"chế nhạo, giễu cợt","mock, ridicule, scorn"
250,substantial,/səbˈstænʃəl/,of considerable importance or size,đáng kể,"considerable, significant, sizeable"
251,cohesion,/koʊˈhiːʒən/,the action of forming a united whole,sự gắn kết,"unity, solidarity, togetherness"
252,wane,/weɪn/,"to decrease in vigor, power, or extent",suy giảm,"diminish, decline, decrease"
253,revitalize,/riˈvaɪtəlaɪz/,to give new life to,"hồi sinh, làm sống lại","rejuvenate, restore, refresh"
254,infer,/ɪnˈfɜːr/,to deduce from evidence and reasoning,suy ra ,"deduce, conclude, gather"
255,quotidian,/kwoʊˈtɪdiən/,of or occurring every day; ordinary,"hàng ngày, thường nhật","daily, everyday, ordinary"
256,meritorious,/ˌmerɪˈtɔːriəs/,deserving reward or praise,đáng được khen,"deserving, worthy, praiseworthy"
257,prompt,/prɑːmpt/,to cause to do something; immediate,thúc đẩy; ngay lập tức,"incite, induce; immediate"
258,inconspicuou s,/ˌɪnkənˈspɪkju əs/,not clearly visible; unobtrusive,"kín đáo, không nổi bật","unnoticeable, unobtrusive, discreet"
259,extemporane ous,/ɪkˌstempəˈre ɪniəs/,spoken without preparation,"ứng khẩu, tức hứng","impromptu, spontaneous, off-the-cuff"
260,emanate,/ˈeməneɪt/,to issue or spread out from,"phát ra, tỏa ra","emit, radiate, issue"
261,yield,/jiːld/,to produce or provide; to surrender,sinh ra; nhượng bộ,"produce, surrender, give way"
262,prioritize,/praɪˈɔːrətaɪz/,to designate as more important,ưu tiên,"rank, emphasize, focus on"
263,foment,/foʊˈment/,to instigate or stir up,"kích động, xúi giục","incite, instigate, provoke"
264,safeguard,/ˈseɪfɡɑːrd/,to protect from harm,bảo vệ,"protect, shield, defend"
265,prevalent,/ˈprevələnt/,widespread in a particular area,phổ biến,"widespread, common, predominant"
266,profusion,/prəˈfjuːʒən/,an abundance of something,sự dồi dào,"abundance, wealth, plethora "
267,manifestatio n,/ˌmænɪfeˈsteɪ ʃən/,a sign of the existence of something,biểu hiện,"expression, display, demonstration"
268,proclamation,/ˌprɑːkləˈmeɪʃ ən/,a public or official announcement,lời tuyên bố,"declaration, announcement, decree"
269,recurrence,/rɪˈkɜːrəns/,the fact of occurring again,sự tái diễn,"repetition, return, reappearance"
270,discrepancy,/dɪˈskrepənsi/,a lack of compatibility,sự khác biệt,"inconsistency, disparity, divergence"
271,distinct,/dɪˈstɪŋkt/,clearly different; separate,"rõ ràng, khác biệt","separate, different, unmistakable"
272,antithetical,/ˌæntɪˈθetɪkəl/,directly opposed; mutually incompatible,trái ngược hoàn toàn,"opposite, contrary, contradictory"
273,counterfactu al,/ˌkaʊntərˈfæk tʃuəl/,relating to what did not happen,phản thực tế,"hypothetical, alternative, imaginary"
274,oscillate,/ˈɑːsɪleɪt/,to move or swing back and forth,dao động,"fluctuate, vacillate, sway"
275,gratify,/ˈɡrætɪfaɪ/,to give pleasure or satisfaction,làm hài lòng,"please, satisfy, delight"
276,compel,/kəmˈpel/,to force or oblige to do,ép buộc,"force, oblige, coerce"
277,fastidious,/fæˈstɪdiəs/,very attentive to detail,"khó tính, kỹ lưỡng","meticulous, scrupulous, particular"
278,capricious,/kəˈprɪʃəs/,given to sudden changes of mood,thất thường,"fickle, volatile, mercurial"
279,decisiveness,/dɪˈsaɪsɪvnəs/,the ability to make decisions quickly,tính quyết đoán,"resoluteness, determination, firmness"
280,turnover,/ˈtɜːrnˌoʊvər/,the rate at which people leave,tỷ lệ thay đổi nhân sự,"rotation, replacement, churn"
281,protean,/ˈproʊtiən/,tending or able to change frequently,"biến hóa, đa dạng","versatile, changeable, mutable"
282,immaterial,/ˌɪməˈtɪriəl/,unimportant under the circumstances,không quan trọng,"irrelevant, unimportant, inconsequential"
283,expand,/ɪkˈspænd/,to become larger; develop in detail,mở rộng,"enlarge, extend, develop"
284,universal,/ˌjuːnɪˈvɜːrsəl/,applicable to all cases,"phổ quát, toàn cầu","general, worldwide, comprehensive"
285,irrelevant,/ɪˈreləvənt/,not connected with what is being considered,không liên quan,"unrelated, immaterial, inapplicable"
286,applicable,/əˈplɪkəbəl/,relevant or appropriate,có thể áp dụng,"relevant, pertinent, suitable"
287,heterogeneit y,/ˌhetərədʒəˈn iːəti/,the quality of being diverse,"sự đa dạng, không đồng nhất","diversity, variety, dissimilarity"
288,intransigenc e,/ɪnˈtrænsɪdʒə ns/,refusal to compromise,tính cứng đầu,"obstinacy, stubbornness, inflexibility"
289,misinterpret,/ˌmɪsɪnˈtɜːrpr ət/,to interpret wrongly,hiểu sai,"misunderstand, misread, misconstrue"
290,indicative,/ɪnˈdɪkətɪv/,serving as a sign or indication,biểu thị,"suggestive, symptomatic, demonstrative"
291,quintessenti al,/ˌkwɪntɪˈsenʃə l/,representing the most perfect example ,"tinh túy, điển hình nhất","archetypal, classic, ultimate"
292,pretext,/ˈpriːtekst/,a false reason given to hide the real one,"cớ, lý do giả","excuse, pretense, ruse"
293,fortuitous,/fɔːrˈtuːɪtəs/,"happening by chance, often fortunately",tình cờ may mắn,"chance, accidental, serendipitous"
294,repudiation,/rɪˌpjuːdiˈeɪʃə n/,the rejection of a proposition,sự bác bỏ,"rejection, denial, renunciation"
295,divisive,/dɪˈvaɪsɪv/,tending to cause disagreement,gây chia rẽ,"polarizing, contentious, controversial"
296,bestow,/bɪˈstoʊ/,to confer or present an honor,"ban tặng, trao","give, grant, confer"
297,wrought,/rɔːt/,made or shaped; brought about,"được làm ra, gây ra ","fashioned, produced, caused"
298,placate,/ˈpleɪkeɪt/,to make less angry; to pacify,xoa dịu,"appease, pacify, mollify"
299,succinct,/səkˈsɪŋkt/,briefly and clearly expressed,súc tích,"concise, brief, terse"
300,utopian,/juˈtoʊpiən/,modeled on or aiming for a perfect state,không tưởng,"idealistic, visionary, perfect"
301,punitive,/ˈpjuːnətɪv/,inflicting punishment,trừng phạt,"penal, retributive, disciplinary"
302,viable,/ˈvaɪəbəl/,capable of working successfully; feasible,khả thi,"feasible, workable, practicable"
303,rationalize,/ˈræʃənəlaɪz/,to attempt to justify with logical reasoning,biện minh,"justify, explain, account for"
304,tranquil,/ˈtræŋkwɪl/,free from disturbance; calm,yên bình,"peaceful, calm, serene"
305,disengage,/ˌdɪsɪnˈɡeɪdʒ/,to separate or release,tách rời,"detach, disentangle, withdraw"
306,accidental,/ˌæksɪˈdentəl/,happening by chance,"tình cờ, ngẫu nhiên","unintentional, chance, fortuitous"
307,demarcate,/ˈdiːmɑːrkeɪt/,to set the boundaries of,phân định ranh giới,"delimit, define, distinguish"
308,reconstitute,/riˈkɑːnstɪtuːt/,to form or reorganize again,"tái lập, khôi phục","restore, rebuild, reorganize"
309,deliberate,/dɪˈlɪbərət/,done consciously and intentionally,có chủ ý,"intentional, planned, calculated"
310,coincidental,/koʊˌɪnsɪˈdent əl/,happening by chance at the same time,trùng hợp ngẫu nhiên ,"accidental, fortuitous, chance"
311,relinquish,/rɪˈlɪŋkwɪʃ/,to voluntarily cease to keep,từ bỏ,"give up, surrender, release"
312,discount,/ˈdɪskaʊnt/,to regard as not important,"coi nhẹ, bỏ qua","dismiss, disregard, downplay"
313,ubiquity,/juˈbɪkwəti/,the fact of being everywhere,tính có mặt khắp nơi,"omnipresence, pervasiveness, prevalence"
314,alleviate,/əˈliːvieɪt/,to make less severe,làm dịu,"ease, mitigate, lessen"
315,detachment,/dɪˈtætʃmənt/,the state of being objective,sự khách quan; sự tách rời,"objectivity, aloofness, separation"
316,decisive,/dɪˈsaɪsɪv/,settling an issue; resolute,"quyết định, dứt khoát","conclusive, definitive, resolute"
317,incontroverti ble,/ˌɪnkɑːntrəˈvɜ ːrtəbəl/,not able to be denied,không thể bác bỏ,"indisputable, irrefutable, undeniable"
318,nebulous,/ˈnebjələs/,hazy; vague or ill-defined,mơ hồ,"vague, unclear, hazy"
319,heterogeneo us,/ˌhetərəˈdʒiːn iəs/,diverse in character or content,không đồng nhất,"diverse, varied, mixed"
320,obfuscate,/ˈɑːbfəskeɪt/,to render obscure or unclear,"làm rối, làm khó hiểu","obscure, confuse, muddle"
321,oscillation,/ˌɑːsɪˈleɪʃən/,movement back and forth,sự dao động,"fluctuation, swinging, variation"
322,tenable,/ˈtenəbəl/,able to be maintained or defended,có thể bảo vệ được,"defensible, justifiable, sound "
323,definitive,/dɪˈfɪnətɪv/,decisive and authoritative,"dứt khoát, có thẩm quyền","conclusive, final, decisive"
324,contingent,/kənˈtɪndʒənt/,subject to chance; dependent on,"tùy thuộc, phụ thuộc","dependent, conditional, subject to"
325,emulation,/ˌemjəˈleɪʃən/,imitation aimed at equaling or surpassing,sự noi gương,"imitation, copying, mimicry"
326,proclivity,/proʊˈklɪvəti/,a tendency to choose or do something,"xu hướng, thiên hướng","tendency, inclination, predilection"
327,notional,/ˈnoʊʃənəl/,"existing as an idea, not real",có tính giả định,"theoretical, hypothetical, conceptual"
328,contrive,/kənˈtraɪv/,to create or bring about by deliberate skill,"tạo ra, sắp đặt","devise, fabricate, engineer"
329,proprietary,/prəˈpraɪəteri/,relating to ownership; private,thuộc sở hữu,"private, owned, exclusive"
330,localize,/ˈloʊkəlaɪz/,to restrict to a particular place,"khu trú, hạn chế trong vùng","confine, limit, contain"
331,extricate,/ˈekstrɪkeɪt/,to free from a difficulty,"gỡ ra, thoát ra","free, release, disentangle"
332,solidify,/səˈlɪdɪfaɪ/,to make solid; to make firmer,củng cố,"harden, strengthen, consolidate"
333,obliviousness,/əˈblɪviəsnəs/,the state of being unaware,"sự không biết, vô tâm","unawareness, ignorance, unmindfulness"
334,rigor,/ˈrɪɡər/,the quality of being thorough,"sự nghiêm ngặt, kỹ lưỡng","thoroughness, strictness, precision"
335,obscurity,/əbˈskjʊrəti/,the state of being unknown,"sự tối tăm, ít người biết","anonymity, unimportance, indistinctness"
336,shallowness,/ˈʃæloʊnəs/,lack of depth,sự nông cạn,"superficiality, triviality, lightness"
337,illuminate,/ɪˈluːmɪneɪt/,to make clear or understandable,làm sáng tỏ,"clarify, elucidate, enlighten"
338,exhaust,/ɪɡˈzɔːst/,to use up resources; to tire out,"dùng hết, làm kiệt sức","deplete, drain, consume"
339,superficial,/ˌsuːpərˈfɪʃəl/,existing only on the surface,hời hợt,"shallow, surface-level, cursory"
340,elasticity,/ɪˌlæsˈtɪsəti/,the ability to resume normal shape,tính đàn hồi,"flexibility, resilience, springiness"
341,prevail,/prɪˈveɪl/,to prove more powerful; to predominate,"thắng thế, phổ biến ","predominate, triumph, win out"
342,exemplar,/ɪɡˈzemplɑːr/,a person serving as a typical example,"tấm gương, mẫu mực","model, paragon, example"
343,credible,/ˈkredəbəl/,able to be believed,đáng tin,"believable, plausible, reliable"
344,proliferate,/prəˈlɪfəreɪt/,to increase rapidly in numbers,"lan tràn, sinh sôi","multiply, increase, burgeon"
345,predictable,/prɪˈdɪktəbəl/,able to be foretold,có thể đoán trước,"foreseeable, expected, anticipated"
346,entrench,/ɪnˈtrentʃ/,to establish firmly; to fortify,"cố thủ, củng cố","establish, fortify, embed"
347,conclusive,/kənˈkluːsɪv/,putting an end to doubt,có tính kết luận,"decisive, definitive, final"
348,latitude,/ˈlætɪtuːd/,scope for freedom of action,phạm vi tự do,"freedom, leeway, scope"
349,hostile,/ˈhɑːstəl/,unfriendly; opposed,thù địch,"antagonistic, unfriendly, adverse"
350,equivalence,/ɪˈkwɪvələns/,the condition of being equal,sự tương đương,"parity, sameness, equality"
351,aggregation,/ˌæɡrɪˈɡeɪʃən/,a collection of things grouped together,sự tập hợp,"collection, accumulation, mass"
352,distinctive,/dɪˈstɪŋktɪv/,characteristic of one person/thing,đặc trưng,"characteristic, unique, particular"
353,prohibitive,/prəˈhɪbɪtɪv/,(of price) excessively high; forbidding,"quá đắt, cấm đoán","excessive, forbidding, restrictive"
354,endure,/ɪnˈdʊr/,to suffer patiently; to last,"chịu đựng, kéo dài","bear, withstand, persist"
355,reciprocate,/rɪˈsɪprəkeɪt/,to respond in kind,đáp lại tương xứng,"return, repay, requite"
356,annotate,/ˈænəteɪt/,to add notes giving explanation,chú thích,"comment, explain, gloss"
357,convert,/kənˈvɜːrt/,to change the form or function of,"biến đổi, chuyển đổi","transform, change, alter"
358,exploit,/ɪkˈsplɔɪt/,to make full use of; to take unfair advantage,khai thác; lợi dụng,"utilize, leverage, capitalize on"
359,impede,/ɪmˈpiːd/,to delay or prevent by obstructing,cản trở,"hinder, obstruct, hamper"
360,brood,/bruːd/,to think deeply about something unpleasant,suy nghĩ ủ rũ,"ponder, mope, ruminate "
361,dependent,/dɪˈpendənt/,requiring something to exist or succeed,phụ thuộc,"reliant, contingent, subject"
362,hydroelectric,/ˌhaɪdroʊɪˈlek trɪk/,relating to electricity generated by water,thủy điện,"water-powered, hydropowered"
363,expose,/ɪkˈspoʊz/,to reveal or make publicly known,"phơi bày, tiết lộ","reveal, uncover, disclose"
364,welcome,/ˈwelkəm/,to greet warmly; pleasing,đón nhận; được hoan nghênh,"greet, receive, embrace"
365,analogical,/ˌænəˈlɑːdʒɪk əl/,based on or relating to analogy,"tương tự, loại suy","analogous, comparable, parallel"
366,acquiesce,/ˌækwiˈes/,to accept something reluctantly,miễn cưỡng đồng ý,"comply, consent, accept"
367,transcend,/trænˈsend/,to go beyond the limits of,vượt ra ngoài,"exceed, surpass, eclipse"
368,nullify,/ˈnʌlɪfaɪ/,to make legally null; to cancel out,vô hiệu hóa,"cancel, invalidate, negate"
369,denigrate,/ˈdenɪɡreɪt/,to criticize unfairly; to disparage,"phỉ báng, hạ thấp","disparage, belittle, malign"
370,arcane,/ɑːrˈkeɪn/,understood by few; mysterious,"bí ẩn, khó hiểu","esoteric, mysterious, obscure"
371,catalyst,/ˈkætəlɪst/,a person or thing that precipitates change,chất xúc tác,"stimulus, trigger, agent"
372,empirical,/ɪmˈpɪrɪkəl/,based on observation rather than theory,thực nghiệm,"observational, experimental, practical"
373,eccentricity,/ˌeksenˈtrɪsəti/,unconventional behavior,tính lập dị,"peculiarity, oddity, idiosyncrasy"
374,vacillation,/ˌvæsəˈleɪʃən/,wavering between different opinions,sự do dự,"indecision, hesitation, wavering"
375,consolidate,/kənˈsɑːlɪdeɪt/,to combine into a single more effective whole,"củng cố, hợp nhất","strengthen, unify, merge"
376,foretell,/fɔːrˈtel/,to predict the future,tiên đoán,"predict, forecast, prophesy"
377,peripheral,/pəˈrɪfərəl/,relating to the outer boundary; secondary,"ngoại biên, phụ","marginal, secondary, outer"
378,articulate,/ɑːrˈtɪkjələt/,having the ability to speak fluently,diễn đạt rõ ràng,"eloquent, expressive, fluent"
379,elucidate,/ɪˈluːsɪdeɪt/,to make something clear,làm sáng tỏ,"clarify, explain, illuminate"
380,extirpate,/ˈekstərpeɪt/,to root out and destroy completely,diệt trừ tận gốc,"eradicate, eliminate, exterminate"
381,countenance,/ˈkaʊntənəns/,to approve; a person's face,tán thành; vẻ mặt,"approve, endorse; face, expression"
382,axiomatic,/ˌæksiəˈmætɪ k/,self-evident; unquestionable,hiển nhiên,"self-evident, evident, indisputable"
383,confound,/kənˈfaʊnd/,to cause confusion; to mix up,"làm bối rối, làm nhầm lẫn","perplex, baffle, confuse"
384,assuage,/əˈsweɪdʒ/,to make an unpleasant feeling less,xoa dịu,"alleviate, soothe, mitigate"
385,amplify,/ˈæmplɪfaɪ/,to increase the volume or significance ,"khuếch đại, làm tăng","magnify, increase, intensify"
386,punctilious,/pʌŋkˈtɪliəs/,very careful about correct behavior,rất kỹ tính,"meticulous, scrupulous, particular"
387,inattentive,/ˌɪnəˈtentɪv/,not paying close attention,"lơ là, không chú ý","absent-minded, distracted, careless"
388,preoccupy,/priˈɑːkjəpaɪ/,to dominate or engross the mind,"ám ảnh, làm bận tâm","engross, absorb, consume"
389,circumspect,/ˈsɜːrkəmspe kt/,wary and unwilling to take risks,thận trọng,"cautious, prudent, wary"
390,mercurial,/mərˈkjʊriəl/,subject to sudden changes of mood,thất thường,"volatile, capricious, fickle"
391,assent,/əˈsent/,to express approval or agreement ,đồng ý,"agree, consent, concur"
392,inchoate,/ɪnˈkoʊət/,just begun and so not fully formed,"mới chớm, sơ khai","incipient, rudimentary, undeveloped"
393,extrapolate,/ɪkˈstræpəleɪt/,to extend application by inference,ngoại suy,"infer, deduce, project"
394,robust,/roʊˈbʌst/,strong and healthy,"mạnh mẽ, vững chắc","strong, sturdy, vigorous"
395,salutary,/ˈsæljəteri/,producing good effects,"có lợi, bổ ích","beneficial, advantageous, helpful"
396,forecast,/ˈfɔːrkæst/,to predict or estimate,dự báo,"predict, foretell, prognosticate"
397,impediment,/ɪmˈpedɪmənt/,a hindrance or obstruction,trở ngại,"obstacle, hindrance, barrier "
398,precursor,/prɪˈkɜːrsər/,a person or thing that comes before,"tiền thân, dấu hiệu báo trước","forerunner, predecessor, herald"
399,abrogation,/ˌæbrəˈɡeɪʃən/,the repeal of a law,sự bãi bỏ,"repeal, annulment, abolition"
400,insurmounta ble,/ˌɪnsərˈmaʊnt əbəl/,too great to be overcome,không thể vượt qua,"insuperable, overwhelming, hopeless"
401,nuance,/ˈnuːɑːns/,a subtle distinction,sự tinh tế,"subtlety, distinction, shade"
402,refinement,/rɪˈfaɪnmənt/,the improvement of something,"sự tinh chỉnh, tao nhã","improvement, sophistication, polish"
403,originality,/əˌrɪdʒɪˈnælət i/,the quality of being novel,tính nguyên bản,"novelty, creativity, inventiveness"
404,envisage,/ɪnˈvɪzɪdʒ/,to contemplate or conceive of as possible,"hình dung, tưởng tượng","envision, imagine, foresee "
405,caricature,/ˈkærɪkətʃər/,a description that exaggerates,tranh biếm họa,"parody, lampoon, exaggeration"
406,surmount,/sərˈmaʊnt/,to overcome a difficulty,vượt qua,"overcome, conquer, prevail over"
407,enmity,/ˈenməti/,the state of being actively opposed,sự thù địch,"hostility, animosity, antagonism"
408,replicable,/ˈreplɪkəbəl/,able to be copied exactly,có thể lặp lại,"reproducible, repeatable, duplicable"
409,conjectural,/kənˈdʒektʃər əl/,based on incomplete information,phỏng đoán,"speculative, hypothetical, tentative"
410,abstraction,/æbˈstrækʃən/,the quality of dealing with ideas,sự trừu tượng,"concept, theory, idea"
411,propitious,/prəˈpɪʃəs/,giving favorable indications,"thuận lợi, may mắn","favorable, auspicious, promising"
412,innocuous,/ɪˈnɑːkjuəs/,not harmful or offensive,vô hại,"harmless, inoffensive, benign"
413,intrinsic,/ɪnˈtrɪnsɪk/,belonging naturally; essential,"vốn có, bản chất","inherent, innate, essential"
414,synthesize,/ˈsɪnθəsaɪz/,to combine into a coherent whole,tổng hợp,"combine, integrate, merge"
415,align,/əˈlaɪn/,to place in a straight line; agree with,sắp xếp; phù hợp với,"arrange, agree, coordinate"
416,explicable,/ɪkˈsplɪkəbəl/,able to be accounted for,có thể giải thích,"explainable, understandable, accountable"
417,pervade,/pərˈveɪd/,to spread through every part of,lan tỏa khắp,"permeate, suffuse, fill"
418,emissary,/ˈemɪseri/,a person sent on a mission,sứ giả,"envoy, agent, representative"
419,incredulous,/ɪnˈkredʒələs/,unwilling or unable to believe,hoài nghi,"disbelieving, skeptical, doubtful"
420,collude,/kəˈluːd/,to cooperate in a secret plot,thông đồng,"conspire, plot, scheme"
421,auspicious,/ɔːˈspɪʃəs/,indicating good fortune,tốt lành,"favorable, promising, propitious"
422,plausible,/ˈplɔːzəbəl/,seeming reasonable or probable,có vẻ hợp lý,"credible, believable, reasonable"
423,apparent,/əˈpærənt/,clearly visible or understood,"rõ ràng, hiển nhiên","evident, obvious, clear"
424,excessive,/ɪkˈsesɪv/,more than necessary; immoderate,quá mức,"immoderate, extravagant, undue"
425,restrain,/rɪˈstreɪn/,to prevent from doing something,"kìm chế, ngăn lại","control, curb, contain"
426,underestimat e,/ˌʌndərˈestɪm eɪt/,to estimate at too low a value,đánh giá thấp,"undervalue, miscalculate, minimize"
427,familiarity,/fəˌmɪliˈærəti/,close acquaintance with something,sự quen thuộc,"acquaintance, knowledge, awareness"
428,domination,/ˌdɑːmɪˈneɪʃə n/,the exercise of control over others,sự thống trị,"control, dominance, supremacy"
429,comprehensi on,/ˌkɑːmprɪˈhen ʃən/,the ability to understand something,sự lĩnh hội,"understanding, grasp, perception"
430,skillfulness,/ˈskɪlfəlnəs/,the quality of being skillful,sự khéo léo,"expertise, proficiency, dexterity"
431,constraint,/kənˈstreɪnt/,a limitation or restriction,"ràng buộc, hạn chế","limitation, restriction, restraint"
432,concealment,/kənˈsiːlmənt/,the action of hiding something,sự che giấu,"hiding, secrecy, cover-up"
433,exhibition,/ˌeksɪˈbɪʃən/,a public display of art or items,cuộc triển lãm,"display, show, presentation"
434,mawkishness,/ˈmɔːkɪʃnəs/,sentimentality in a sickly way,tình cảm ướt át,"sentimentality, sappiness, schmaltz"
435,predictability,/prɪˌdɪktəˈbɪlə ti/,the quality of being predictable ,tính có thể đoán trước,"regularity, expectedness, consistency"
436,ostentatious ness,/ˌɑːstenˈteɪʃə snəs/,the quality of being showy,sự phô trương,"showiness, flashiness, pretentiousness"
437,lack,/læk/,the state of being without,thiếu hụt,"shortage, dearth, deficiency"
438,resolution,/ˌrezəˈluːʃən/,a firm decision; the action of solving,"sự giải quyết, quyết tâm","decision, determination, solution"
439,negotiation,/nɪˌɡoʊʃiˈeɪʃə n/,discussion to reach agreement,sự đàm phán,"discussion, bargaining, mediation"
440,justification,/ˌdʒʌstɪfɪˈkeɪʃ ən/,a good reason for an action,sự biện minh,"reason, rationale, defense"
441,monitor,/ˈmɑːnɪtər/,to observe and check the progress of,theo dõi,"observe, watch, supervise "
442,exchange,/ɪksˈtʃeɪndʒ/,an act of giving in return for receiving,sự trao đổi,"trade, swap, interchange"
443,extort,/ɪkˈstɔːrt/,to obtain by force or threats,"tống tiền, cưỡng đoạt","coerce, blackmail, force"
444,geothermal,/ˌdʒiːoʊˈθɜːrm əl/,relating to internal heat of earth,địa nhiệt,"earth-heat, terrestrial"
445,deficit,/ˈdefɪsɪt/,the amount by which something falls short,sự thâm hụt,"shortfall, deficiency, shortage"
446,lifecycle,/ˈlaɪfsaɪkəl/,the series of changes in life,vòng đời,"life span, life history, biological cycle"
447,unnecessary,/ʌnˈnesəseri/,not needed,không cần thiết,"needless, superfluous, redundant"
448,equate,/ɪˈkweɪt/,to consider as equal,đánh đồng,"compare, liken, identify with"
449,mildly,/ˈmaɪldli/,in a gentle or slight manner,"nhẹ nhàng, hơi","slightly, gently, moderately"
450,admiration,/ˌædməˈreɪʃə n/,respect and warm approval,sự ngưỡng mộ,"respect, esteem, regard"
451,imitation,/ˌɪmɪˈteɪʃən/,the action of using something as a model,sự bắt chước,"copy, mimicry, replication"
452,controversy,/ˈkɑːntrəvɜːrs i/,prolonged public dispute,sự tranh cãi,"dispute, debate, contention"
453,perceive,/pərˈsiːv/,to become aware of through senses,"nhận thức, cảm nhận","discern, notice, recognize"
454,restate,/riˈsteɪt/,to state again or in a different way,trình bày lại,"rephrase, reiterate, repeat"
455,thrive,/θraɪv/,to grow vigorously; to prosper,phát triển mạnh,"flourish, prosper, succeed"
456,illustrate,/ˈɪləstreɪt/,to provide an example of,minh họa,"demonstrate, exemplify, show"
457,inferior,/ɪnˈfɪriər/,"lower in rank, status, or quality","kém hơn, hạng thấp","lesser, lower, second-rate"
458,accelerate,/əkˈseləreɪt/,to make faster,"đẩy nhanh, tăng tốc","speed up, hasten, expedite"
459,laud,/lɔːd/,to praise highly,ca tụng,"praise, extol, acclaim"
460,inconsequent ial,/ɪnˌkɑːnsɪˈkw enʃəl/,not important or significant,không quan trọng ,"insignificant, trivial, negligible"
461,resolve,/rɪˈzɑːlv/,to settle or find a solution to,giải quyết; quyết tâm,"solve, settle, determine"
462,downplay,/ˈdaʊnpleɪ/,to make to seem less important,giảm tầm quan trọng,"minimize, underplay, deemphasize"
463,stimulate,/ˈstɪmjəleɪt/,to encourage or arouse interest in,kích thích,"encourage, prompt, spur"
464,pedestrian,/pəˈdestriən/,lacking inspiration; commonplace,tầm thường,"dull, prosaic, unimaginative"
465,exiguous,/ɪɡˈzɪɡjuəs/,very small in size or amount,"rất nhỏ, ít ỏi","meager, scant, sparse"
466,sincere,/sɪnˈsɪr/,free from pretense; genuine,chân thành,"genuine, honest, candid"
467,dubious,/ˈduːbiəs/,hesitating or doubting,đáng ngờ,"doubtful, questionable, suspect"
468,indispensabl e,/ˌɪndɪˈspensə bəl/,absolutely necessary,không thể thiếu,"essential, vital, crucial"
469,insular,/ˈɪnsələr/,ignorant of or uninterested in cultures other than one's own,"cô lập, hẹp hòi","narrow-minded, parochial, isolated"
470,inventive,/ɪnˈventɪv/,having the ability to create new things,có óc sáng tạo,"creative, imaginative, ingenious"
471,abet,/əˈbet/,to encourage or assist in wrongdoing,"tiếp tay, hỗ trợ","assist, aid, help"
472,decry,/dɪˈkraɪ/,to publicly denounce,"lên án, chê bai","condemn, denounce, criticize "
473,lambaste,/læmˈbeɪst/,to criticize harshly,chỉ trích gay gắt,"criticize, castigate, censure"
474,uncontrovers ial,/ʌnˌkɑːntrəˈvɜ ːrʃəl/,not causing disagreement,không gây tranh cãi,"agreeable, accepted, undisputed"
475,component,/kəmˈpoʊnən t/,a part of something,thành phần,"element, part, constituent"
476,epitome,/ɪˈpɪtəmi/,a perfect example of a quality,hình ảnh tiêu biểu,"embodiment, personification, archetype"
477,eclipse,/ɪˈklɪps/,to surpass in importance; to obscure,"che mờ, làm lu mờ","outshine, overshadow, surpass"
478,compulsory,/kəmˈpʌlsəri/,required by law or rule,bắt buộc,"mandatory, obligatory, required"
479,concomitant,/kənˈkɑːmɪtə nt/,naturally accompanying or associated ,đi kèm theo,"accompanying, attendant, associated"
480,synchronicity,/ˌsɪŋkrəˈnɪsəti/,the simultaneous occurrence of events,sự đồng bộ,"coincidence, simultaneity, concurrence"
481,obfuscation,/ˌɑːbfəˈskeɪʃə n/,the action of making unclear,"sự che giấu, làm rối","obscuring, confusion, muddling"
482,antipathy,/ænˈtɪpəθi/,a deep-seated feeling of dislike,ác cảm,"hostility, aversion, dislike"
483,insouciance,/ɪnˈsuːsiəns/,casual lack of concern,sự thờ ơ vô tư,"indifference, nonchalance, unconcern"
484,erratic,/ɪˈrætɪk/,not even or regular in pattern,thất thường,"irregular, inconsistent, unpredictable"
485,contradict,/ˌkɑːntrəˈdɪkt/,to deny the truth of,"mâu thuẫn, bác bỏ","deny, oppose, refute"
486,encomium,/enˈkoʊmiəm/,a speech expressing high praise,lời tán dương,"tribute, eulogy, accolade"
487,paragon,/ˈpærəɡɑːn/,a model of excellence,khuôn mẫu hoàn hảo,"model, exemplar, ideal"
488,controvert,/ˈkɑːntrəvɜːrt/,to deny the truth of; to dispute,phản bác,"dispute, contest, deny"
489,tenuous,/ˈtenjuəs/,very weak or slight,mỏng manh,"flimsy, weak, fragile"
490,embellish,/ɪmˈbelɪʃ/,to make more attractive by adding detail,"tô điểm, phóng đại","adorn, decorate, exaggerate"
491,perceptible,/pərˈseptəbəl/,able to be perceived,có thể cảm nhận được,"noticeable, discernible, detectable "
492,anomaly,/əˈnɑːməli/,something different from the norm,sự bất thường,"irregularity, abnormality, aberration"
493,inconsolable,/ˌɪnkənˈsoʊlə bəl/,not able to be comforted,không thể nguôi ngoai,"disconsolate, brokenhearted, grief-stricken"
494,imperious,/ɪmˈpɪriəs/,assuming power without justification,kiêu kỳ,"arrogant, haughty, domineering"
495,gregarious,/ɡrɪˈɡeriəs/,fond of company; sociable,thích giao du,"sociable, outgoing, friendly"
496,truculent,/ˈtrʌkjələnt/,eager or quick to argue,"hung hăng, hay gây sự","aggressive, hostile, combative"
497,comprehensi ve ,/ˌkɑːmprɪˈhen sɪv/,complete; including everything,toàn diện,"thorough, all-inclusive, exhaustive"
498,meager,/ˈmiːɡər/,lacking in quantity or quality,"ít ỏi, nghèo nàn","scanty, paltry, sparse"
499,eccentric,/ɪkˈsentrɪk/,unconventional and slightly strange,lập dị,"unconventional, odd, quirky"
500,complacency,/kəmˈpleɪsən si/,a feeling of smug self-satisfaction,sự tự mãn,"smugness,self-satisfaction, contentment"
